,,,,,,
,120.204.85.29:3128,,,,,
,118.193.107.54:80,,,,,
,222.73.68.144:8090,,,,,
,61.134.25.106:3128,,,,,
,118.193.107.202:80,,,,,
,123.56.221.214:3128,,,,,
,106.39.179.118:80,,,,,
,218.4.199.94:3128,,,,,
,118.193.107.131:80,,,,,
,118.193.107.30:80,,,,,
,111.40.84.73:9999,,,,,
,118.193.107.115:80,,,,,
,101.254.185.156:8080,,,,,
,222.74.225.231:3128,,,,,
,58.215.120.223:3128,,,,,
,119.36.92.42:81,,,,,
,114.251.228.124:3128,,,,,
,114.215.102.168:8081,,,,,
,118.193.107.219:80,,,,,
,60.191.170.148:3128,,,,,
,,,,,,